,0,1,2,3
0,"{'topic_name': 'Blending of Physical and Digital Experiences', 'topic_description': 'The integration of technology in sports is expected to enhance fan experiences both at live events and at home. This includes new functionalities and improved experiences.', 'product_to_sell': 'Virtual reality equipment, Augmented reality apps'}","{'topic_name': ""Growth of Women's Professional Sports"", 'topic_description': ""Women's professional sports are expected to advance further in 2023, with a need to improve awareness, expand sponsorship, and grow media rights valuations and investment."", 'product_to_sell': ""Women's sports merchandise, Sponsorship packages""}","{'topic_name': 'Changes in College Athletics', 'topic_description': 'College athletics in the United States are undergoing significant changes, presenting both opportunities and challenges for student-athletes, schools, fans, partners, and alumni.', 'product_to_sell': 'College sports merchandise, Streaming subscriptions'}",
1,"{'topic_name': 'Esports growth', 'topic_description': 'The continued rise and expansion of esports will make it an even more significant aspect of sports marketing, with non-endemic brands sponsoring teams, events, and content.', 'product_to_sell': 'Esports merchandise, gaming equipment, and event tickets'}","{'topic_name': 'Virtual and Augmented Reality experiences', 'topic_description': 'The utilization of VR and AR technologies in sports marketing will provide fans with immersive and interactive experiences, enhancing fan engagement and deepening brand loyalty.', 'product_to_sell': 'VR and AR devices, sports games, and interactive fan experiences'}","{'topic_name': 'Data-driven campaigns', 'topic_description': 'The use of data analytics to measure and optimize marketing efforts will be more prevalent in sports marketing, enabling marketers to target their efforts more effectively and generate better ROI.', 'product_to_sell': 'Data analytics tools, personalized sports content, and targeted advertising'}",
2,"{'topic_name': 'Engaging Female Audiences', 'topic_description': ""Tailoring content and campaigns to engage female audiences in sports, promoting women's sports events, and using social media platforms to create interactive experiences."", 'product_to_sell': ""Women's sports merchandise, tickets to women's sports events""}","{'topic_name': 'Leveraging Wearable Technology', 'topic_description': 'Using wearable technology to engage fans and athletes, collaborating with brands that make wearables, and introducing contests and challenges using wearables.', 'product_to_sell': 'Wearable sports technology, such as fitness trackers and smartwatches'}","{'topic_name': 'Promoting Diversity and Inclusivity', 'topic_description': 'Collaborating with brands that foster diversity and inclusivity, featuring athletes from different backgrounds, and building sports merchandise catering to various body types, genders, and cultural differences.', 'product_to_sell': 'Inclusive sports merchandise, products catering to diverse groups of athletes'}","{'topic_name': 'Using NFTs to Engage Fans', 'topic_description': 'Using Non-Fungible Tokens (NFTs) to deepen relationships with fans, offering exclusive member privileges, and allowing athletes to issue their own NFT collections.', 'product_to_sell': 'NFTs of memorable sports moments, exclusive fan memberships'}"
3,"{'topic_name': 'AI in Sports Marketing', 'topic_description': 'Artificial Intelligence is increasingly being used in sports marketing, with chatbots being a prime example. These chatbots can communicate with fans via various platforms, providing them with results, statistics, news, and exclusive content.', 'product_to_sell': 'AI chatbot services for sports teams'}","{'topic_name': 'Data Importance in AI', 'topic_description': 'The success of AI in any field, including sports marketing, heavily relies on data. The more data available, the more accurate and efficient the AI becomes.', 'product_to_sell': 'Data collection and analysis services'}","{'topic_name': 'Emergence of Free AI Chatbots', 'topic_description': 'The launch of free AI chatbots like ChatGPT by Open AI indicates a trend towards making AI more accessible to the public. This could potentially lead to a wider adoption of AI in various fields.', 'product_to_sell': 'AI chatbot development and customization services'}",
4,"{'topic_name': 'Mobile Sports Betting Growth', 'topic_description': 'The growth of mobile sports betting in the US, with increasing competition among apps and more states legalizing online sports betting.', 'product_to_sell': 'Sports betting mobile apps'}","{'topic_name': 'Partnerships and Acquisitions', 'topic_description': ""Potential partnerships and acquisitions, such as DraftKings' rumored deal with ESPN, could significantly impact the market share."", 'product_to_sell': 'Partnership deals with sports media companies'}","{'topic_name': 'Leveraging Technology and Customer Data', 'topic_description': 'Companies like Fanatics are leveraging mature technology and customer data to reduce customer acquisition costs.', 'product_to_sell': 'Advanced technology solutions for customer data analysis and acquisition'}",
5,"{'topic_name': 'AI and VR in Sports Marketing', 'topic_description': 'Artificial Intelligence and Virtual Reality are transforming sports marketing by enabling personalized fan engagement and immersive training experiences for athletes. Brands can leverage AI chatbots for customized communication and VR for realistic training environments.', 'product_to_sell': 'AI chatbots, VR training equipment'}","{'topic_name': 'Sustainability and Diversity in Sports Marketing', 'topic_description': 'Sustainability initiatives and diversity efforts are becoming increasingly important in sports marketing. Brands can engage with eco-conscious fans through green initiatives and cater products towards specific athlete demographics for inclusivity.', 'product_to_sell': 'Eco-friendly sports merchandise, inclusive sports products'}","{'topic_name': 'eSports and NFTs in Sports Marketing', 'topic_description': 'The rapid growth of eSports and the potential of NFTs in the sports collectibles market present new opportunities for brands. Companies can target younger demographics through eSports marketing and engage with fans using NFTs.', 'product_to_sell': 'eSports sponsorships, sports NFTs'}",
6,"{'topic_name': 'Digital Trends in Sports Marketing', 'topic_description': 'The rise of digital media platforms has opened new avenues for sports marketers to connect with fans. Key strategies include social media marketing, mobile optimization, and video marketing. These strategies allow organizations to create immersive experiences, foster deeper connections with fans, cultivate brand loyalty, and boost athlete popularity.', 'product_to_sell': 'Social media advertising services, mobile apps for sports organizations, video content creation services'}","{'topic_name': 'Personalization and Engaging Content in Sports Marketing', 'topic_description': 'Harnessing fan insights and tailoring content to individual preferences can create a deeper connection with fans. Engaging content, such as user-generated content and interactive content, can capture the attention and interest of the target audience, encouraging active participation and fostering a sense of connection.', 'product_to_sell': 'Data analytics services, targeted campaign services, content creation services'}","{'topic_name': 'Innovative Technologies in Sports Marketing', 'topic_description': 'Sports organizations are harnessing the power of technology to implement cutting-edge strategies such as gamification and Augmented Reality (AR). These innovative technologies let fans dive deeper into sporting action and events, creating memorable interactions that resonate with enthusiasts worldwide.', 'product_to_sell': 'AR and VR integration services, gamification services'}",
7,"{'topic_name': 'Impact of COVID-19 on Sports Market', 'topic_description': 'The COVID-19 pandemic has significantly affected the sports market, leading to the cancellation and postponement of numerous sports events worldwide. This has impacted the sales of sports event tickets and disrupted the sports value chain.', 'product_to_sell': 'Virtual sports events, Online sports merchandise'}","{'topic_name': 'Rise in Popularity of Sports Events', 'topic_description': 'The sports industry is witnessing a significant growth in the popularity of sports events such as the Olympics, the football world cup, NBA, etc. The rising popularity of athletes and premier league competitions is contributing to the growth of the sports industry.', 'product_to_sell': 'Sports merchandise, Sports event tickets'}","{'topic_name': 'Adoption of Virtual Reality in Sports', 'topic_description': ""Sports organizers are implementing virtual reality (VR) technology to enhance the spectators' experience in sporting events. This technology allows spectators to have a virtual walkthrough of the stadium or the race track and view the match from different angles."", 'product_to_sell': 'VR headsets, VR sports games'}",
8,"{'topic_name': 'One-Off Sporting Events', 'topic_description': 'The growing popularity of ‘one-off’ sporting events, particularly appealing to casual fans. The strategy involves leveraging Customer Data Platforms to personalise each interaction, enhancing the fan’s experience and fostering a more rewarding relationship.', 'product_to_sell': 'Customer Data Platforms'}","{'topic_name': 'Mobile-First Experiences', 'topic_description': 'The focus on seamless, mobile-first experiences. Easy-to-use mobile ticketing solutions are now a necessity. The strategy is to make the ticket purchasing process as frictionless as possible, using platforms like WhatsApp to enable quick and easy transactions.', 'product_to_sell': 'Mobile Ticketing Solutions'}","{'topic_name': 'Crypto, NFTs, and the Metaverse', 'topic_description': 'The integration of cutting-edge technologies like cryptocurrencies, NFTs and the metaverse is a groundbreaking trend in sports marketing. These technologies offer unprecedented opportunities for fan engagement, creating immersive experiences that extend beyond the traditional boundaries of the sporting arena. They also open new avenues for revenue generation, allowing sports organisations to tap into new markets and fan bases.', 'product_to_sell': 'Cryptocurrencies, NFTs, and Metaverse Platforms'}",
9,"{'topic_name': 'Digital Sports Streaming', 'topic_description': 'The trend of watching sports on streaming/online channels is increasing rapidly, with projections showing a rise to over 90 million viewers by 2025.', 'product_to_sell': 'Subscription-based sports streaming services'}","{'topic_name': 'Soccer Popularity in the U.S', 'topic_description': 'Soccer viewership in the U.S is growing, with a 30% increase in viewership levels from the 2018 to the 2022 FIFA World Cup.', 'product_to_sell': 'Soccer merchandise, including jerseys, balls, and fan gear'}","{'topic_name': 'Basketball Among Younger Viewers', 'topic_description': 'Basketball, particularly the NBA, is the most popular sport among 16 to 25-year-olds, reaching 40% of Gen Z fans.', 'product_to_sell': 'Basketball merchandise, including jerseys, balls, and fan gear'}",
10,"{'topic_name': 'One-off Sporting Events', 'topic_description': 'The rise of one-off or annual sporting events that cater to casual fans who may not follow a team or club for an entire season. These events present marketing opportunities to engage these fans and introduce them to new experiences.', 'product_to_sell': 'Tickets for one-off events, merchandise related to the event'}","{'topic_name': 'Mobile-first Experiences', 'topic_description': 'The importance of providing seamless, mobile-friendly experiences for fans, especially those who are less committed. This includes flexible ticketing solutions that simplify the purchase process and enhance the overall fan experience.', 'product_to_sell': 'Mobile-friendly ticketing solutions, mobile apps for sports events'}","{'topic_name': 'Digital Era of Sports', 'topic_description': 'The shift towards digital consumption of sports, with fans increasingly watching events on mobile devices. This trend is particularly prevalent among younger demographics, who are comfortable in digital environments and often use a second screen during events.', 'product_to_sell': 'Digital content such as behind-the-scenes footage, news, videos, statistics, and infographics'}",
